episode_id,seed,player,agent,opponent,result,final_money,opponent_money,margin,opening_fingerprint,open_hires,open_animals,open_melon_seeds,open_wheat_seeds,total_hires,median_daily_hires,max_daily_hires,peak_hands,buy_land,second_quadrant_day,n_quadrants_final,unlock_NE,unlock_SW,unlock_SE,plants_wheat,plants_carrot,plants_tomato,plants_strawberry,plants_melon,buy_seed_wheat,buy_seed_melon,buy_seed_strawberry,buy_seed_tomato,buy_seed_carrot,buy_cow,buy_sheep,buy_goose,bought_wheat,wheat_self_ratio,sell_wheat,sell_melon,sell_strawberry,sell_milk,sell_wool,sell_egg,sell_fertilizer,rev_wheat,rev_melon,rev_strawberry,rev_milk,rev_wool,rev_egg,rev_fertilizer,total_sell_revenue,fertilize,care,collect_fertilizer,build_coop,build_pasture,peak_plants,peak_animals,peak_weeds,pct_move,pct_field,pct_pass,total_unit_actions,op_water,op_feed,op_care,op_harvest,op_plant,op_pass,strategies,first_sell_melon,first_sell_milk,first_sell_wool,first_sell_strawberry,n_action_rows,n_market_rows
90444865,2130581674,0,Mohit Rao,Keito,win,141713.0,137225.0,4488.0,"(HIRE)|(HIRE)|(HIRE)|(HIRE)|(HIRE)|(BUY_ANIMAL,SHEEP,2)|(BUY_ANIMAL,COW,2)|(BUY_SEED,WHEAT,7)|(BUY_SEED,MELON,12)",5,4,12,7,277,10.0,14,14,2,7,3,7,11,,92,0,0,42,24,92,24,42,0,0,8,6,0,618,0.13,381,216,308,342,240,0,171,17087.0,27942.0,38534.0,67250.0,57666.0,0,10902.0,219381.0,77,322,248,0,14,61,14,12,44.72,36.01,15.4,6901,922,314,322,373,158,1063,"animal_open,melon_rush,hire_open_5,animal_core,hire_max,land_early,berry_plant_heavy,melon_plant_heavy,wheat_buyer,animal_care_heavy,fert_seller,primary_dairy,dairy_focus,wool_focus",10,8,7,17,6901,723
90444865,2130581674,1,Keito,Mohit Rao,loss,137225.0,141713.0,-4488.0,"(HIRE)|(HIRE)|(HIRE)|(HIRE)|(HIRE)|(BUY_ANIMAL,SHEEP,2)|(BUY_ANIMAL,COW,2)|(BUY_SEED,WHEAT,7)|(BUY_SEED,MELON,12)",5,4,12,7,277,10.0,14,14,2,7,3,7,11,,92,0,0,41,24,92,24,42,0,0,8,6,0,1021,0.083,776,216,308,339,212,0,171,33096.0,27906.0,38534.0,66724.0,50930.0,0,10902.0,228092.0,77,322,248,0,14,61,14,11,44.72,36.01,15.4,6901,922,314,322,373,157,1063,"animal_open,melon_rush,hire_open_5,animal_core,hire_max,land_early,berry_plant_heavy,melon_plant_heavy,wheat_buyer,animal_care_heavy,fert_seller,primary_dairy,dairy_focus,wool_support",10,8,7,17,6901,906
90450223,269682652,0,wen chong yu,Mohit Rao,loss,84139.0,85215.0,-1076.0,"(HIRE)|(HIRE)|(HIRE)|(HIRE)|(HIRE)|(BUY_ANIMAL,SHEEP,2)|(BUY_ANIMAL,COW,2)|(BUY_SEED,WHEAT,7)|(BUY_SEED,MELON,12)",5,4,12,7,277,10.0,14,14,2,7,3,7,11,,92,0,0,42,24,92,24,42,0,0,8,6,0,1021,0.083,776,210,308,336,232,0,171,33445.0,27828.0,34235.0,19552.0,25899.0,0,10902.0,151861.0,77,322,248,0,14,61,14,11,44.72,36.01,15.4,6901,922,314,322,373,158,1063,"animal_open,melon_rush,hire_open_5,animal_core,hire_max,land_early,berry_plant_heavy,melon_plant_heavy,wheat_buyer,animal_care_heavy,fert_seller,primary_berry,berry_support,wool_support,melon_support",10,8,7,17,6901,912
90450223,269682652,1,Mohit Rao,wen chong yu,win,85215.0,84139.0,1076.0,"(HIRE)|(HIRE)|(HIRE)|(HIRE)|(HIRE)|(BUY_ANIMAL,SHEEP,2)|(BUY_ANIMAL,COW,2)|(BUY_SEED,WHEAT,7)|(BUY_SEED,MELON,12)",5,4,12,7,277,10.0,14,14,2,7,3,7,11,,92,0,0,42,24,92,24,42,0,0,8,6,0,618,0.13,374,216,308,340,240,0,171,16917.0,27942.0,34235.0,19604.0,26071.0,0,10902.0,135671.0,77,322,248,0,14,61,14,11,44.72,36.01,15.4,6901,922,314,322,373,158,1063,"animal_open,melon_rush,hire_open_5,animal_core,hire_max,land_early,berry_plant_heavy,melon_plant_heavy,wheat_buyer,animal_care_heavy,fert_seller,primary_berry,berry_support,wool_support,melon_support",10,8,7,17,6901,723
90451020,976765741,0,Parakh Sharma,Mohit Rao,loss,116273.0,117102.0,-829.0,"(HIRE)|(HIRE)|(HIRE)|(HIRE)|(HIRE)|(BUY_ANIMAL,SHEEP,2)|(BUY_ANIMAL,COW,2)|(BUY_SEED,WHEAT,7)|(BUY_SEED,MELON,12)",5,4,12,7,277,9.5,14,14,2,7,3,7,11,,92,0,0,42,24,92,24,42,0,0,8,6,0,1005,0.084,757,156,313,333,228,0,174,32243.0,19464.0,24397.0,55518.0,53882.0,0,11068.0,196572.0,80,322,254,0,14,61,14,11,44.78,36.14,15.17,6901,922,314,322,374,158,1047,"animal_open,melon_rush,hire_open_5,animal_core,hire_max,land_early,berry_plant_heavy,melon_plant_heavy,wheat_buyer,animal_care_heavy,fert_seller,primary_dairy,dairy_focus,wool_focus",10,8,7,17,6901,902
90451020,976765741,1,Mohit Rao,Parakh Sharma,win,117102.0,116273.0,829.0,"(HIRE)|(HIRE)|(HIRE)|(HIRE)|(HIRE)|(BUY_ANIMAL,SHEEP,2)|(BUY_ANIMAL,COW,2)|(BUY_SEED,WHEAT,7)|(BUY_SEED,MELON,12)",5,4,12,7,277,10.0,14,14,2,7,3,7,11,,92,0,0,42,24,92,24,42,0,0,8,6,0,618,0.13,375,216,308,342,240,0,171,16751.0,28032.0,25638.0,55952.0,56683.0,0,11038.0,194094.0,77,322,248,0,14,61,14,13,44.72,36.01,15.4,6901,922,314,322,373,158,1063,"animal_open,melon_rush,hire_open_5,animal_core,hire_max,land_early,berry_plant_heavy,melon_plant_heavy,wheat_buyer,animal_care_heavy,fert_seller,primary_wool,dairy_focus,wool_focus",10,8,7,17,6901,723
90464050,1720093943,0,Konstantin03,Mohit Rao,loss,119292.0,128216.0,-8924.0,"(HIRE)|(HIRE)|(HIRE)|(HIRE)|(HIRE)|(BUY_ANIMAL,SHEEP,2)|(BUY_ANIMAL,COW,2)|(BUY_SEED,WHEAT,7)|(BUY_SEED,MELON,12)",5,4,12,7,275,9.5,14,14,2,7,3,7,11,,92,0,0,42,24,92,24,42,0,0,8,6,0,1025,0.082,790,144,290,237,164,0,182,33751.0,17888.0,38807.0,49968.0,16470.0,0,11380.0,168264.0,75,322,257,0,14,61,14,12,45.02,36.04,15.05,6859,921,314,322,355,158,1032,"animal_open,melon_rush,hire_open_5,animal_core,hire_max,land_early,berry_plant_heavy,melon_plant_heavy,wheat_buyer,animal_care_heavy,fert_seller,primary_dairy,berry_support,dairy_focus",10,8,7,17,6859,876
90464050,1720093943,1,Mohit Rao,Konstantin03,win,128216.0,119292.0,8924.0,"(HIRE)|(HIRE)|(HIRE)|(HIRE)|(HIRE)|(BUY_ANIMAL,SHEEP,2)|(BUY_ANIMAL,COW,2)|(BUY_SEED,WHEAT,7)|(BUY_SEED,MELON,12)",5,4,12,7,277,10.0,14,14,2,7,3,7,11,,92,0,0,42,24,92,24,42,0,0,8,6,0,618,0.13,378,216,308,342,240,0,171,16949.0,31098.0,44237.0,73231.0,23217.0,0,10983.0,199715.0,77,322,248,0,14,61,14,11,44.72,36.01,15.4,6901,922,314,322,373,158,1063,"animal_open,melon_rush,hire_open_5,animal_core,hire_max,land_early,berry_plant_heavy,melon_plant_heavy,wheat_buyer,animal_care_heavy,fert_seller,primary_dairy,berry_support,dairy_focus,melon_support",10,8,7,17,6901,723
90470910,1264661837,0,JALKARNA GAUTAM,somewhere after,win,108044.0,107993.0,51.0,"(HIRE)|(HIRE)|(HIRE)|(HIRE)|(HIRE)|(BUY_ANIMAL,SHEEP,2)|(BUY_ANIMAL,COW,2)|(BUY_SEED,WHEAT,7)|(BUY_SEED,MELON,12)",5,4,12,7,277,10.0,14,14,2,7,3,7,11,,92,0,0,42,24,92,24,42,0,0,8,6,0,1021,0.083,776,144,308,237,164,0,171,34743.0,17910.0,49033.0,13278.0,27712.0,0,10902.0,153578.0,77,322,248,0,14,61,14,12,44.72,36.01,15.4,6901,922,314,322,373,158,1063,"animal_open,melon_rush,hire_open_5,animal_core,hire_max,land_early,berry_plant_heavy,melon_plant_heavy,wheat_buyer,animal_care_heavy,fert_seller,primary_berry,berry_engine,wool_support",10,8,7,17,6901,868
90470910,1264661837,1,somewhere after,JALKARNA GAUTAM,loss,107993.0,108044.0,-51.0,"(HIRE)|(HIRE)|(HIRE)|(HIRE)|(HIRE)|(BUY_ANIMAL,SHEEP,2)|(BUY_ANIMAL,COW,2)|(BUY_SEED,WHEAT,7)|(BUY_SEED,MELON,12)",5,4,12,7,276,9.5,14,14,2,7,3,7,11,,92,0,0,42,24,92,24,42,0,0,8,6,0,1026,0.082,773,210,308,318,246,0,171,34605.0,27828.0,49033.0,17758.0,40318.0,0,10902.0,180444.0,78,322,249,0,14,61,14,11,44.69,36.18,15.23,6880,924,314,322,373,158,1048,"animal_open,melon_rush,hire_open_5,animal_core,hire_max,land_early,berry_plant_heavy,melon_plant_heavy,wheat_buyer,animal_care_heavy,fert_seller,primary_berry,berry_support,wool_support,melon_support",10,8,7,17,6880,902
90473753,1250560110,0,JALKARNA GAUTAM,Seb (allegedly),win,137560.0,136063.0,1497.0,"(HIRE)|(HIRE)|(HIRE)|(HIRE)|(HIRE)|(BUY_ANIMAL,SHEEP,2)|(BUY_ANIMAL,COW,2)|(BUY_SEED,WHEAT,7)|(BUY_SEED,MELON,12)",5,4,12,7,277,10.0,14,14,2,7,3,7,11,,92,0,0,42,24,92,24,42,0,0,8,6,0,1021,0.083,791,144,304,213,158,0,158,34933.0,19344.0,62332.0,29145.0,35906.0,0,8151.0,189811.0,77,322,248,0,14,61,13,11,44.72,36.01,15.4,6901,922,314,322,373,158,1063,"animal_open,melon_rush,hire_open_5,animal_core,hire_max,land_early,berry_plant_heavy,melon_plant_heavy,wheat_buyer,animal_care_heavy,fert_seller,primary_berry,berry_engine,wool_support",10,8,7,17,6901,869
90473753,1250560110,1,Seb (allegedly),JALKARNA GAUTAM,loss,136063.0,137560.0,-1497.0,"(HIRE)|(HIRE)|(HIRE)|(HIRE)|(HIRE)|(HIRE)|(HIRE)|(BUY_SEED,MELON,3)|(BUY_SEED,WHEAT,12)|(BUY_ANIMAL,COW,2)",7,2,3,12,308,12,12,12,3,5,4,5,8,10,20,0,0,41,23,20,23,41,0,0,15,4,0,405,0.047,69,132,291,360,96,0,320,2598.0,21585.0,64769.0,47211.0,21532.0,0,16425.0,174120.0,70,379,391,0,19,58,19,45,51.83,30.16,12.7,7719,629,392,379,345,84,980,"animal_open,melon_lite,hire_open_7,animal_max,hire_ultra,land_early,berry_plant_heavy,melon_plant_heavy,wheat_buyer,animal_care_ultra,fert_seller_heavy,primary_berry,berry_engine,dairy_support",10,8,6,16,7719,871
90474408,1179763612,0,Alon Bar Koter,Abdullah Razi,win,92143.0,38300.0,53843.0,"(HIRE)|(HIRE)|(HIRE)|(HIRE)|(HIRE)|(HIRE)|(BUY_SEED,MELON,12)|(BUY_ANIMAL,COW,1)",6,1,12,0,248,10.0,10,10,1,13,2,13,,,0,0,0,0,36,0,37,0,0,0,10,0,0,829,0.0,850,216,0,237,0,0,229,37047.0,42912.0,0,48332.0,0,0,13329.0,141620.0,0,204,229,0,10,24,10,1,54.68,19.3,18.94,6337,396,217,204,119,36,1200,"melon_rush,hire_open_5,hire_max,land_mid,melon_plant_heavy,wheat_buyer,fert_seller,primary_dairy,dairy_focus,melon_focus",10,8,,,6337,871
90474408,1179763612,1,Abdullah Razi,Alon Bar Koter,loss,38300.0,92143.0,-53843.0,"(BUY_PRODUCT,WHEAT,6)|(BUY_ANIMAL,COW,2)|(BUY_SEED,MELON,2)|(BUY_SEED,STRAWBERRY,2)|(BUY_SEED,WHEAT,4)|(HIRE)|(HIRE)|(HIRE)|(HIRE)",4,2,2,4,322,12.0,12,12,2,11,3,11,12,,9,0,0,7,6,10,6,13,0,0,8,5,0,294,0.03,0,6,0,194,67,0,170,0,1338.0,0,38818.0,16536.0,0,10220.0,66912.0,0,235,174,0,12,6,12,5,75.28,12.34,0.01,7705,55,276,235,147,22,1,"animal_open,animal_core,hire_ultra,land_mid,wheat_buyer,fert_seller,primary_dairy,dairy_focus,wool_support",11,8,18,,7705,720
90479925,431737099,0,Pranshu Ghori,Mohit Rao,loss,142077.0,143136.0,-1059.0,"(HIRE)|(HIRE)|(HIRE)|(HIRE)|(HIRE)|(BUY_ANIMAL,SHEEP,2)|(BUY_ANIMAL,COW,2)|(BUY_SEED,WHEAT,7)|(BUY_SEED,MELON,12)",5,4,12,7,277,10.0,14,14,2,7,3,7,11,,92,0,0,42,24,92,24,42,0,0,8,6,0,1021,0.083,776,210,308,336,232,0,171,34187.0,27828.0,46062.0,74124.0,38315.0,0,10902.0,231418.0,77,322,248,0,14,61,14,11,44.72,36.01,15.4,6901,922,314,322,373,158,1063,"animal_open,melon_rush,hire_open_5,animal_core,hire_max,land_early,berry_plant_heavy,melon_plant_heavy,wheat_buyer,animal_care_heavy,fert_seller,primary_dairy,berry_support,dairy_focus,wool_support",10,8,7,17,6901,912
90479925,431737099,1,Mohit Rao,Pranshu Ghori,win,143136.0,142077.0,1059.0,"(HIRE)|(HIRE)|(HIRE)|(HIRE)|(HIRE)|(BUY_ANIMAL,SHEEP,2)|(BUY_ANIMAL,COW,2)|(BUY_SEED,WHEAT,7)|(BUY_SEED,MELON,12)",5,4,12,7,277,10.0,14,14,2,7,3,7,11,,92,0,0,42,24,92,24,42,0,0,8,6,0,618,0.13,374,216,308,342,240,0,171,17245.0,27942.0,46062.0,75436.0,39607.0,0,10902.0,217194.0,77,322,248,0,14,61,14,11,44.72,36.01,15.4,6901,922,314,322,373,158,1063,"animal_open,melon_rush,hire_open_5,animal_core,hire_max,land_early,berry_plant_heavy,melon_plant_heavy,wheat_buyer,animal_care_heavy,fert_seller,primary_dairy,berry_support,dairy_focus,wool_support",10,8,7,17,6901,723
90483794,1629503818,0,Seb (allegedly),Cary Jin,win,102765.0,92843.0,9922.0,"(HIRE)|(HIRE)|(HIRE)|(HIRE)|(HIRE)|(HIRE)|(HIRE)|(BUY_SEED,MELON,3)|(BUY_SEED,WHEAT,12)|(BUY_ANIMAL,COW,2)",7,2,3,12,308,12,12,12,3,4,4,4,8,10,22,0,0,44,23,22,23,44,0,0,11,7,0,379,0.055,75,132,313,276,125,0,292,3014.0,20631.0,53711.0,28024.0,17047.0,0,15871.0,138298.0,75,337,367,0,18,63,18,46,51.84,29.57,13.84,7724,667,366,337,346,89,1069,"animal_open,melon_lite,hire_open_7,animal_max,hire_ultra,land_early,berry_plant_heavy,melon_plant_heavy,wheat_buyer,animal_care_heavy,fert_seller_heavy,primary_berry,berry_engine,dairy_support",10,8,6,16,7724,859
90483794,1629503818,1,Cary Jin,Seb (allegedly),loss,92843.0,102765.0,-9922.0,"(HIRE)|(HIRE)|(HIRE)|(HIRE)|(HIRE)|(BUY_ANIMAL,SHEEP,2)|(BUY_ANIMAL,COW,2)|(BUY_SEED,WHEAT,7)|(BUY_SEED,MELON,12)",5,4,12,7,277,10.0,14,14,2,7,3,7,11,,92,0,0,42,24,92,24,42,0,0,8,6,0,1021,0.083,791,144,304,213,158,0,158,35423.0,20394.0,39128.0,20823.0,19074.0,0,8550.0,143392.0,77,322,248,0,14,61,13,11,44.72,36.02,15.39,6901,922,314,322,373,158,1062,"animal_open,melon_rush,hire_open_5,animal_core,hire_max,land_early,berry_plant_heavy,melon_plant_heavy,wheat_buyer,animal_care_heavy,fert_seller,primary_berry,berry_support",10,8,7,17,6901,869
90485305,2086315449,0,Seb (allegedly),Anton Shaniuk,win,130732.0,114460.0,16272.0,"(HIRE)|(HIRE)|(HIRE)|(HIRE)|(HIRE)|(HIRE)|(HIRE)|(BUY_SEED,MELON,3)|(BUY_SEED,WHEAT,12)|(BUY_ANIMAL,COW,2)",7,2,3,12,308,12,12,12,3,4,4,4,8,10,23,0,0,43,24,23,24,43,0,0,8,10,0,370,0.059,65,144,306,210,212,0,289,2452.0,21804.0,52026.0,26598.0,48403.0,0,15755.0,167038.0,72,360,362,0,18,62,18,49,51.62,29.69,14.09,7720,665,366,360,341,90,1088,"animal_open,melon_lite,hire_open_7,animal_max,hire_ultra,land_early,berry_plant_heavy,melon_plant_heavy,wheat_buyer,animal_care_ultra,fert_seller_heavy,primary_berry,berry_engine,wool_focus",10,8,6,16,7720,871
90485305,2086315449,1,Anton Shaniuk,Seb (allegedly),loss,114460.0,130732.0,-16272.0,"(HIRE)|(HIRE)|(HIRE)|(HIRE)|(HIRE)|(BUY_ANIMAL,SHEEP,2)|(BUY_ANIMAL,COW,2)|(BUY_SEED,WHEAT,7)|(BUY_SEED,MELON,12)",5,4,12,7,273,10.0,14,14,2,7,3,7,11,,91,0,0,42,24,92,24,42,0,0,8,6,0,1021,0.082,779,834,1521,1074,715,0,171,34094.0,143532.0,228541.0,134384.0,163293.0,0,8935.0,712779.0,81,322,262,0,14,61,13,11,47.17,37.84,10.99,6816,961,314,322,406,157,749,"animal_open,melon_rush,hire_open_5,animal_core,hire_max,land_early,berry_plant_heavy,melon_plant_heavy,wheat_buyer,animal_care_heavy,fert_seller,primary_berry,berry_engine,dairy_support,wool_support,melon_support",10,8,6,17,6816,1069
90491374,496775099,0,Anton Shaniuk,mountainbob,win,99694.0,98799.0,895.0,"(HIRE)|(HIRE)|(HIRE)|(HIRE)|(HIRE)|(BUY_ANIMAL,SHEEP,2)|(BUY_ANIMAL,COW,2)|(BUY_SEED,WHEAT,7)|(BUY_SEED,MELON,12)",5,4,12,7,273,10.0,14,14,2,7,3,7,11,,91,0,0,42,24,92,24,42,0,0,8,6,0,1021,0.082,779,834,1551,1116,715,0,171,33177.0,151116.0,252559.0,127659.0,68769.0,0,10896.0,644176.0,81,322,263,0,14,61,14,11,47.14,37.85,10.97,6816,961,314,322,406,157,748,"animal_open,melon_rush,hire_open_5,animal_core,hire_max,land_early,berry_plant_heavy,melon_plant_heavy,wheat_buyer,animal_care_heavy,fert_seller,primary_berry,berry_engine,dairy_support,melon_support",10,8,6,17,6816,1069
90491374,496775099,1,mountainbob,Anton Shaniuk,loss,98799.0,99694.0,-895.0,"(HIRE)|(HIRE)|(HIRE)|(HIRE)|(HIRE)|(BUY_ANIMAL,SHEEP,2)|(BUY_ANIMAL,COW,2)|(BUY_SEED,WHEAT,7)|(BUY_SEED,MELON,12)",5,4,12,7,277,10.0,14,14,2,7,3,7,11,,92,0,0,42,24,92,24,42,0,0,8,6,0,1021,0.083,776,216,308,340,258,0,176,33027.0,27942.0,40834.0,35934.0,20297.0,0,11061.0,169095.0,77,332,301,0,14,61,14,11,44.72,37.13,14.32,6901,931,314,332,373,158,988,"animal_open,melon_rush,hire_open_5,animal_core,hire_max,land_early,berry_plant_heavy,melon_plant_heavy,wheat_buyer,animal_care_heavy,fert_seller,primary_berry,berry_support,dairy_support,melon_support",10,8,7,17,6901,922
90491408,531589617,0,Yaroslav,Anton Shaniuk,loss,98476.0,103173.0,-4697.0,"(HIRE)|(HIRE)|(HIRE)|(HIRE)|(HIRE)|(BUY_ANIMAL,SHEEP,2)|(BUY_ANIMAL,COW,2)|(BUY_SEED,WHEAT,7)|(BUY_SEED,MELON,12)",5,4,12,7,271,9.5,14,14,2,7,3,7,11,,90,0,0,42,24,92,24,42,0,0,8,6,0,1072,0.077,820,656,1405,798,523,0,168,36550.0,120050.0,209167.0,115761.0,42554.0,0,10855.0,534937.0,86,322,265,0,14,60,14,12,47.34,38.03,10.48,6774,956,314,322,406,156,710,"animal_open,melon_rush,hire_open_5,animal_core,hire_max,land_early,berry_plant_heavy,melon_plant_heavy,wheat_buyer,animal_care_heavy,fert_seller,primary_berry,berry_engine,dairy_support,melon_support",10,8,6,17,6774,1043
90491408,531589617,1,Anton Shaniuk,Yaroslav,win,103173.0,98476.0,4697.0,"(HIRE)|(HIRE)|(HIRE)|(HIRE)|(HIRE)|(BUY_ANIMAL,SHEEP,2)|(BUY_ANIMAL,COW,2)|(BUY_SEED,WHEAT,7)|(BUY_SEED,MELON,12)",5,4,12,7,273,10.0,14,14,2,7,3,7,11,,91,0,0,42,24,92,24,42,0,0,8,6,0,1021,0.082,779,834,1551,1116,715,0,171,34635.0,151116.0,230110.0,165632.0,62939.0,0,11104.0,655536.0,81,322,263,0,14,61,14,11,47.04,37.88,11.05,6816,962,314,322,406,157,753,"animal_open,melon_rush,hire_open_5,animal_core,hire_max,land_early,berry_plant_heavy,melon_plant_heavy,wheat_buyer,animal_care_heavy,fert_seller,primary_berry,berry_engine,dairy_support,melon_support",10,8,6,17,6816,1069
90491449,732122661,0,Anton Shaniuk,JALKARNA GAUTAM,win,101998.0,100612.0,1386.0,"(HIRE)|(HIRE)|(HIRE)|(HIRE)|(HIRE)|(BUY_ANIMAL,SHEEP,2)|(BUY_ANIMAL,COW,2)|(BUY_SEED,WHEAT,7)|(BUY_SEED,MELON,12)",5,4,12,7,273,10.0,14,14,2,7,3,7,11,,91,0,0,42,24,92,24,42,0,0,8,6,0,1021,0.082,779,834,1550,1116,715,0,171,32522.0,151116.0,183377.0,96947.0,172031.0,0,10902.0,646895.0,81,322,263,0,14,61,14,11,47.14,37.85,10.97,6816,961,314,322,406,157,748,"animal_open,melon_rush,hire_open_5,animal_core,hire_max,land_early,berry_plant_heavy,melon_plant_heavy,wheat_buyer,animal_care_heavy,fert_seller,primary_berry,berry_engine,wool_focus,melon_support",10,8,6,17,6816,1069
90491449,732122661,1,JALKARNA GAUTAM,Anton Shaniuk,loss,100612.0,101998.0,-1386.0,"(HIRE)|(HIRE)|(HIRE)|(HIRE)|(HIRE)|(BUY_ANIMAL,SHEEP,2)|(BUY_ANIMAL,COW,2)|(BUY_SEED,WHEAT,7)|(BUY_SEED,MELON,12)",5,4,12,7,277,10.0,14,14,2,7,3,7,11,,92,0,0,42,24,92,24,42,0,0,8,6,0,1021,0.083,785,144,308,237,164,0,171,32810.0,17910.0,28839.0,17106.0,39428.0,0,10908.0,147001.0,77,322,248,0,14,61,14,11,44.72,36.01,15.4,6901,922,314,322,373,158,1063,"animal_open,melon_rush,hire_open_5,animal_core,hire_max,land_early,berry_plant_heavy,melon_plant_heavy,wheat_buyer,animal_care_heavy,fert_seller,primary_wool,berry_support,wool_focus",10,8,7,17,6901,869
90492196,2123831034,0,Artem Voronov,Yaroslav,loss,124631.0,126518.0,-1887.0,"(HIRE)|(HIRE)|(HIRE)|(HIRE)|(HIRE)|(BUY_ANIMAL,SHEEP,2)|(BUY_ANIMAL,COW,2)|(BUY_SEED,WHEAT,7)|(BUY_SEED,MELON,12)",5,4,12,7,277,10.0,14,14,2,7,3,7,11,,92,0,0,42,24,92,24,42,0,0,8,6,0,588,0.135,342,216,308,340,240,0,171,15855.0,27942.0,25249.0,69721.0,56762.0,0,11104.0,206633.0,77,322,248,0,14,60,14,12,44.72,36.01,15.4,6901,922,314,322,373,158,1063,"animal_open,melon_rush,hire_open_5,animal_core,hire_max,land_early,berry_plant_heavy,melon_plant_heavy,wheat_buyer,animal_care_heavy,fert_seller,primary_dairy,dairy_focus,wool_focus",10,8,7,17,6901,720
90492196,2123831034,1,Yaroslav,Artem Voronov,win,126518.0,124631.0,1887.0,"(HIRE)|(HIRE)|(HIRE)|(HIRE)|(HIRE)|(BUY_ANIMAL,SHEEP,2)|(BUY_ANIMAL,COW,2)|(BUY_SEED,WHEAT,7)|(BUY_SEED,MELON,12)",5,4,12,7,271,9.5,14,14,2,7,3,7,11,,90,0,0,42,24,92,24,42,0,0,8,6,0,1072,0.077,820,656,1405,798,523,0,168,35903.0,119726.0,146684.0,166419.0,124014.0,0,10855.0,603601.0,86,322,265,0,14,61,14,12,47.34,38.03,10.48,6774,956,314,322,406,156,710,"animal_open,melon_rush,hire_open_5,animal_core,hire_max,land_early,berry_plant_heavy,melon_plant_heavy,wheat_buyer,animal_care_heavy,fert_seller,primary_dairy,berry_support,dairy_support,wool_support,melon_support",10,8,6,17,6774,1043
90492929,1291935476,0,Mohit Rao,Akash Deep,win,130009.0,129364.0,645.0,"(HIRE)|(HIRE)|(HIRE)|(HIRE)|(HIRE)|(BUY_ANIMAL,SHEEP,2)|(BUY_ANIMAL,COW,2)|(BUY_SEED,WHEAT,7)|(BUY_SEED,MELON,12)",5,4,12,7,277,10.0,14,14,2,7,3,7,11,,92,0,0,42,24,92,24,42,0,0,8,6,0,618,0.13,383,216,308,342,240,0,171,16812.0,27942.0,30307.0,66221.0,57658.0,0,10902.0,209842.0,77,322,248,0,14,61,14,11,44.72,36.02,15.39,6901,922,314,322,373,158,1062,"animal_open,melon_rush,hire_open_5,animal_core,hire_max,land_early,berry_plant_heavy,melon_plant_heavy,wheat_buyer,animal_care_heavy,fert_seller,primary_dairy,dairy_focus,wool_focus",10,8,7,17,6901,723
90492929,1291935476,1,Akash Deep,Mohit Rao,loss,129364.0,130009.0,-645.0,"(HIRE)|(HIRE)|(HIRE)|(HIRE)|(HIRE)|(BUY_ANIMAL,SHEEP,2)|(BUY_ANIMAL,COW,2)|(BUY_SEED,WHEAT,7)|(BUY_SEED,MELON,12)",5,4,12,7,277,10.0,14,14,2,7,3,7,11,,92,0,0,42,24,92,24,42,0,0,8,6,0,1021,0.083,777,216,308,340,258,0,171,32574.0,27834.0,30307.0,65833.0,61984.0,0,10902.0,229434.0,77,322,248,0,14,61,14,11,44.72,36.01,15.4,6901,922,314,322,373,158,1063,"animal_open,melon_rush,hire_open_5,animal_core,hire_max,land_early,berry_plant_heavy,melon_plant_heavy,wheat_buyer,animal_care_heavy,fert_seller,primary_dairy,dairy_focus,wool_focus",10,8,7,17,6901,921
90492933,1613314294,0,JALKARNA GAUTAM,SALAH ELDIN ELNABARAWY,loss,133167.0,134428.0,-1261.0,"(HIRE)|(HIRE)|(HIRE)|(HIRE)|(HIRE)|(BUY_ANIMAL,SHEEP,2)|(BUY_ANIMAL,COW,2)|(BUY_SEED,WHEAT,7)|(BUY_SEED,MELON,12)",5,4,12,7,277,10.0,14,14,2,7,3,7,11,,92,0,0,42,24,92,24,42,0,0,8,6,0,1021,0.083,776,144,308,237,164,0,171,33577.0,18252.0,57304.0,46287.0,12164.0,0,10902.0,178486.0,77,322,248,0,14,61,14,11,44.72,36.01,15.4,6901,922,314,322,373,158,1063,"animal_open,melon_rush,hire_open_5,animal_core,hire_max,land_early,berry_plant_heavy,melon_plant_heavy,wheat_buyer,animal_care_heavy,fert_seller,primary_berry,berry_engine,dairy_support",10,8,7,17,6901,868
90492933,1613314294,1,SALAH ELDIN ELNABARAWY,JALKARNA GAUTAM,win,134428.0,133167.0,1261.0,"(HIRE)|(HIRE)|(HIRE)|(HIRE)|(HIRE)|(BUY_ANIMAL,SHEEP,2)|(BUY_ANIMAL,COW,2)|(BUY_SEED,WHEAT,7)|(BUY_SEED,MELON,12)",5,4,12,7,277,10.0,14,14,2,7,3,7,11,,92,0,0,42,24,92,24,42,0,0,8,6,0,1021,0.083,769,138,308,237,164,0,171,33187.0,17754.0,57304.0,46308.0,13782.0,0,10902.0,179237.0,77,322,248,0,14,60,14,12,44.72,36.01,15.4,6901,919,314,322,373,158,1063,"animal_open,melon_rush,hire_open_5,animal_core,hire_max,land_early,berry_plant_heavy,melon_plant_heavy,wheat_buyer,animal_care_heavy,fert_seller,primary_berry,berry_engine,dairy_support",10,8,7,17,6901,866
90492965,1271850961,0,Accayo14,Yaroslav,loss,117357.0,118532.0,-1175.0,"(HIRE)|(HIRE)|(HIRE)|(HIRE)|(HIRE)|(BUY_ANIMAL,SHEEP,2)|(BUY_ANIMAL,COW,2)|(BUY_SEED,WHEAT,7)|(BUY_SEED,MELON,12)",5,4,12,7,277,9.5,14,14,2,7,3,7,11,,92,0,0,42,24,92,24,42,0,0,8,6,0,1005,0.084,753,156,313,294,228,0,174,31206.0,19464.0,43291.0,31002.0,49062.0,0,11129.0,185154.0,80,322,254,0,14,61,14,11,44.78,36.14,15.17,6901,922,314,322,374,158,1047,"animal_open,melon_rush,hire_open_5,animal_core,hire_max,land_early,berry_plant_heavy,melon_plant_heavy,wheat_buyer,animal_care_heavy,fert_seller,primary_wool,berry_support,wool_focus",10,8,7,17,6901,887
90492965,1271850961,1,Yaroslav,Accayo14,win,118532.0,117357.0,1175.0,"(HIRE)|(HIRE)|(HIRE)|(HIRE)|(HIRE)|(BUY_ANIMAL,SHEEP,2)|(BUY_ANIMAL,COW,2)|(BUY_SEED,WHEAT,7)|(BUY_SEED,MELON,12)",5,4,12,7,271,9.5,14,14,2,7,3,7,11,,90,0,0,42,24,92,24,42,0,0,8,6,0,1072,0.077,820,656,1405,798,523,0,168,34096.0,120590.0,248039.0,75498.0,113984.0,0,10868.0,603075.0,86,322,265,0,14,60,14,11,47.34,38.03,10.48,6774,956,314,322,406,156,710,"animal_open,melon_rush,hire_open_5,animal_core,hire_max,land_early,berry_plant_heavy,melon_plant_heavy,wheat_buyer,animal_care_heavy,fert_seller,primary_berry,berry_engine,wool_support,melon_support",10,8,6,17,6774,1043
90493718,1836018126,0,JALKARNA GAUTAM,i3,loss,102097.0,104291.0,-2194.0,"(HIRE)|(HIRE)|(HIRE)|(HIRE)|(HIRE)|(BUY_ANIMAL,SHEEP,2)|(BUY_ANIMAL,COW,2)|(BUY_SEED,WHEAT,7)|(BUY_SEED,MELON,12)",5,4,12,7,277,10.0,14,14,2,7,3,7,11,,92,0,0,42,24,92,24,42,0,0,8,6,0,1021,0.083,776,144,308,237,164,0,171,33130.0,17838.0,34175.0,16809.0,35113.0,0,10902.0,147967.0,77,322,248,0,14,61,14,11,44.72,36.01,15.4,6901,922,314,322,373,158,1063,"animal_open,melon_rush,hire_open_5,animal_core,hire_max,land_early,berry_plant_heavy,melon_plant_heavy,wheat_buyer,animal_care_heavy,fert_seller,primary_wool,berry_support,wool_support",10,8,7,17,6901,868
90493718,1836018126,1,i3,JALKARNA GAUTAM,win,104291.0,102097.0,2194.0,"(HIRE)|(HIRE)|(HIRE)|(HIRE)|(HIRE)|(BUY_ANIMAL,SHEEP,2)|(BUY_ANIMAL,COW,2)|(BUY_SEED,WHEAT,7)|(BUY_SEED,MELON,12)",5,4,12,7,277,10.0,14,14,2,7,3,7,11,,92,0,0,42,24,92,24,42,0,0,8,6,0,1021,0.083,776,216,308,340,258,0,171,33130.0,30696.0,34361.0,25761.0,54895.0,0,10902.0,189745.0,77,322,248,0,14,61,14,11,44.72,36.01,15.4,6901,922,314,322,373,158,1063,"animal_open,melon_rush,hire_open_5,animal_core,hire_max,land_early,berry_plant_heavy,melon_plant_heavy,wheat_buyer,animal_care_heavy,fert_seller,primary_wool,berry_support,wool_focus,melon_support",10,8,7,17,6901,935
90493725,460880516,0,Kaileh57,Yaroslav,loss,95939.0,96925.0,-986.0,"(HIRE)|(HIRE)|(HIRE)|(HIRE)|(HIRE)|(BUY_ANIMAL,SHEEP,2)|(BUY_ANIMAL,COW,2)|(BUY_SEED,WHEAT,7)|(BUY_SEED,MELON,12)",5,4,12,7,277,10.0,14,14,2,7,3,7,11,,92,0,0,42,24,92,24,42,0,0,8,6,0,1021,0.083,776,144,308,237,164,0,171,34523.0,17874.0,30776.0,20614.0,28512.0,0,11104.0,143403.0,77,322,248,0,14,61,14,11,44.72,36.01,15.4,6901,922,314,322,373,158,1063,"animal_open,melon_rush,hire_open_5,animal_core,hire_max,land_early,berry_plant_heavy,melon_plant_heavy,wheat_buyer,animal_care_heavy,fert_seller,primary_wheat,berry_support,wool_support",10,8,7,17,6901,865
90493725,460880516,1,Yaroslav,Kaileh57,win,96925.0,95939.0,986.0,"(HIRE)|(HIRE)|(HIRE)|(HIRE)|(HIRE)|(BUY_ANIMAL,SHEEP,2)|(BUY_ANIMAL,COW,2)|(BUY_SEED,WHEAT,7)|(BUY_SEED,MELON,12)",5,4,12,7,271,9.5,14,14,2,7,3,7,11,,90,0,0,42,24,92,24,42,0,0,8,6,0,1072,0.077,820,656,1405,798,523,0,168,36635.0,120050.0,176452.0,73872.0,93529.0,0,10855.0,511393.0,86,322,265,0,14,61,14,11,47.34,38.03,10.48,6774,956,314,322,406,156,710,"animal_open,melon_rush,hire_open_5,animal_core,hire_max,land_early,berry_plant_heavy,melon_plant_heavy,wheat_buyer,animal_care_heavy,fert_seller,primary_berry,berry_engine,wool_support,melon_support",10,8,6,17,6774,1043
90494364,231975074,0,Seb (allegedly),Pranshu Ghori,win,110820.0,92669.0,18151.0,"(HIRE)|(HIRE)|(HIRE)|(HIRE)|(HIRE)|(HIRE)|(HIRE)|(BUY_SEED,MELON,3)|(BUY_SEED,WHEAT,12)|(BUY_ANIMAL,COW,2)",7,2,3,12,308,12,12,12,3,4,4,4,8,10,22,0,0,41,23,22,23,42,0,0,8,11,0,401,0.052,71,132,308,179,230,0,299,2775.0,20344.0,45931.0,11504.0,51959.0,0,15944.0,148457.0,80,350,379,0,19,61,19,45,52.08,29.66,12.94,7728,638,388,350,333,86,1000,"animal_open,melon_lite,hire_open_7,animal_max,hire_ultra,land_early,berry_plant_heavy,melon_plant_heavy,wheat_buyer,animal_care_ultra,fert_seller_heavy,primary_wool,berry_engine,wool_focus",10,8,6,16,7728,855
90494364,231975074,1,Pranshu Ghori,Seb (allegedly),loss,92669.0,110820.0,-18151.0,"(HIRE)|(HIRE)|(HIRE)|(HIRE)|(HIRE)|(BUY_ANIMAL,SHEEP,2)|(BUY_ANIMAL,COW,2)|(BUY_SEED,WHEAT,7)|(BUY_SEED,MELON,12)",5,4,12,7,277,10.0,14,14,2,7,3,7,11,,92,0,0,42,24,92,24,42,0,0,8,6,0,1021,0.083,791,210,304,300,225,0,158,35516.0,28872.0,33460.0,18001.0,50766.0,0,8508.0,175123.0,77,322,248,0,14,61,13,11,44.72,36.02,15.39,6901,922,314,322,373,158,1062,"animal_open,melon_rush,hire_open_5,animal_core,hire_max,land_early,berry_plant_heavy,melon_plant_heavy,wheat_buyer,animal_care_heavy,fert_seller,primary_wool,berry_support,wool_focus,melon_support",10,8,7,17,6901,907
90494504,1238171799,0,i3,Anton Shaniuk,win,86451.0,84605.0,1846.0,"(HIRE)|(HIRE)|(HIRE)|(HIRE)|(HIRE)|(BUY_ANIMAL,SHEEP,2)|(BUY_ANIMAL,COW,2)|(BUY_SEED,WHEAT,7)|(BUY_SEED,MELON,12)",5,4,12,7,277,10.0,14,14,2,7,3,7,11,,92,0,0,42,24,92,24,42,0,0,8,6,0,1021,0.083,776,216,308,340,258,0,171,34593.0,30696.0,36964.0,19359.0,27188.0,0,10908.0,159708.0,77,322,248,0,14,61,14,11,44.72,36.01,15.4,6901,922,314,322,373,158,1063,"animal_open,melon_rush,hire_open_5,animal_core,hire_max,land_early,berry_plant_heavy,melon_plant_heavy,wheat_buyer,animal_care_heavy,fert_seller,primary_berry,berry_support,wool_support,melon_support",10,8,7,17,6901,942
90494504,1238171799,1,Anton Shaniuk,i3,loss,84605.0,86451.0,-1846.0,"(HIRE)|(HIRE)|(HIRE)|(HIRE)|(HIRE)|(BUY_ANIMAL,SHEEP,2)|(BUY_ANIMAL,COW,2)|(BUY_SEED,WHEAT,7)|(BUY_SEED,MELON,12)",5,4,12,7,273,10.0,14,14,2,7,3,7,11,,91,0,0,42,24,92,24,42,0,0,8,6,0,1021,0.082,779,834,1551,1116,715,0,171,34749.0,151332.0,225025.0,73125.0,76542.0,0,10902.0,571675.0,81,322,263,0,14,61,14,11,47.14,37.85,10.97,6816,961,314,322,406,157,748,"animal_open,melon_rush,hire_open_5,animal_core,hire_max,land_early,berry_plant_heavy,melon_plant_heavy,wheat_buyer,animal_care_heavy,fert_seller,primary_berry,berry_engine,melon_focus",10,8,6,17,6816,1069
90496831,804556914,0,Seb (allegedly),Yaroslav,win,102432.0,87572.0,14860.0,"(HIRE)|(HIRE)|(HIRE)|(HIRE)|(HIRE)|(HIRE)|(BUY_SEED,MELON,6)|(BUY_SEED,CARROT,1)|(BUY_SEED,WHEAT,12)|(BUY_ANIMAL,COW,2)",6,2,6,12,301,12,12,12,3,5,4,5,6,10,19,2,0,38,29,19,29,38,0,2,13,7,0,413,0.044,62,168,273,307,133,0,327,2308.0,22919.0,39502.0,44468.0,14469.0,0,16293.0,140184.0,68,374,395,0,20,58,20,42,51.02,31.19,12.4,7558,653,404,374,335,88,937,"animal_open,melon_lite,hire_open_5,animal_max,hire_ultra,land_early,melon_plant_heavy,wheat_buyer,animal_care_ultra,fert_seller_heavy,primary_dairy,berry_engine,dairy_focus,melon_support",10,8,6,16,7558,878
90496831,804556914,1,Yaroslav,Seb (allegedly),loss,87572.0,102432.0,-14860.0,"(HIRE)|(HIRE)|(HIRE)|(HIRE)|(HIRE)|(BUY_ANIMAL,SHEEP,2)|(BUY_ANIMAL,COW,2)|(BUY_SEED,WHEAT,7)|(BUY_SEED,MELON,12)",5,4,12,7,271,9.5,14,14,2,7,3,7,11,,90,0,0,42,24,92,24,42,0,0,8,6,0,1072,0.077,820,656,1405,798,523,0,168,36352.0,108596.0,169484.0,118323.0,46257.0,0,8347.0,487359.0,86,322,265,0,14,60,14,12,47.34,38.03,10.48,6774,956,314,322,406,156,710,"animal_open,melon_rush,hire_open_5,animal_core,hire_max,land_early,berry_plant_heavy,melon_plant_heavy,wheat_buyer,animal_care_heavy,fert_seller,primary_berry,berry_engine,dairy_support,melon_support",10,8,6,17,6774,1043
90497546,1385135442,0,Anton Shaniuk,lucaskna,win,114599.0,114217.0,382.0,"(HIRE)|(HIRE)|(HIRE)|(HIRE)|(HIRE)|(BUY_ANIMAL,SHEEP,2)|(BUY_ANIMAL,COW,2)|(BUY_SEED,WHEAT,7)|(BUY_SEED,MELON,12)",5,4,12,7,273,10.0,14,14,2,7,3,7,11,,91,0,0,42,24,92,24,42,0,0,8,6,0,1021,0.082,779,834,1551,1116,715,0,171,33374.0,151116.0,210767.0,210911.0,87950.0,0,10902.0,705020.0,81,322,263,0,14,61,14,11,47.14,37.85,10.97,6816,961,314,322,406,157,748,"animal_open,melon_rush,hire_open_5,animal_core,hire_max,land_early,berry_plant_heavy,melon_plant_heavy,wheat_buyer,animal_care_heavy,fert_seller,primary_dairy,berry_engine,dairy_focus,melon_support",10,8,6,17,6816,1069
90497546,1385135442,1,lucaskna,Anton Shaniuk,loss,114217.0,114599.0,-382.0,"(HIRE)|(HIRE)|(HIRE)|(HIRE)|(HIRE)|(BUY_ANIMAL,SHEEP,2)|(BUY_ANIMAL,COW,2)|(BUY_SEED,WHEAT,7)|(BUY_SEED,MELON,12)",5,4,12,7,277,10.0,14,14,2,7,3,7,11,,92,0,0,42,24,92,24,42,0,0,8,6,0,1031,0.082,786,144,308,237,164,0,171,33714.0,17910.0,33685.0,41811.0,20304.0,0,10908.0,158332.0,77,322,248,0,14,61,14,11,44.72,36.01,15.4,6901,922,314,322,373,158,1063,"animal_open,melon_rush,hire_open_5,animal_core,hire_max,land_early,berry_plant_heavy,melon_plant_heavy,wheat_buyer,animal_care_heavy,fert_seller,primary_dairy,berry_support,dairy_support",10,8,7,17,6901,871
90497592,1803658832,0,Seb (allegedly),i3,win,94235.0,70264.0,23971.0,"(HIRE)|(HIRE)|(HIRE)|(HIRE)|(HIRE)|(HIRE)|(HIRE)|(BUY_SEED,MELON,3)|(BUY_SEED,WHEAT,12)|(BUY_ANIMAL,COW,2)",7,2,3,12,306,12,12,12,3,4,4,4,6,10,24,0,0,42,24,24,24,42,0,0,5,14,0,383,0.059,82,144,304,140,280,0,289,3250.0,23165.0,13530.0,11558.0,65966.0,0,15388.0,132857.0,74,357,363,0,19,62,19,45,50.63,29.69,14.47,7677,661,365,357,331,90,1111,"animal_open,melon_lite,hire_open_7,animal_max,hire_ultra,land_early,berry_plant_heavy,melon_plant_heavy,wheat_buyer,animal_care_ultra,fert_seller_heavy,primary_wool,wool_focus,melon_support",10,8,6,16,7677,844
90497592,1803658832,1,i3,Seb (allegedly),loss,70264.0,94235.0,-23971.0,"(HIRE)|(HIRE)|(HIRE)|(HIRE)|(HIRE)|(BUY_ANIMAL,SHEEP,2)|(BUY_ANIMAL,COW,2)|(BUY_SEED,WHEAT,7)|(BUY_SEED,MELON,12)",5,4,12,7,277,10.0,14,14,2,7,3,7,11,,92,0,0,42,24,92,24,42,0,0,8,6,0,1021,0.083,776,216,308,340,258,0,171,33625.0,29181.0,9858.0,23387.0,61066.0,0,9052.0,166169.0,77,322,248,0,14,61,14,11,44.72,36.01,15.4,6901,922,314,322,373,158,1063,"animal_open,melon_rush,hire_open_5,animal_core,hire_max,land_early,berry_plant_heavy,melon_plant_heavy,wheat_buyer,animal_care_heavy,fert_seller,primary_wool,wool_focus,melon_support",10,8,7,17,6901,961
90500613,152655242,0,SALAH ELDIN ELNABARAWY,Yaroslav,win,105238.0,102892.0,2346.0,"(HIRE)|(HIRE)|(HIRE)|(HIRE)|(HIRE)|(BUY_ANIMAL,SHEEP,2)|(BUY_ANIMAL,COW,2)|(BUY_SEED,WHEAT,7)|(BUY_SEED,MELON,12)",5,4,12,7,273,10.0,14,14,2,7,3,7,11,,91,0,0,42,24,92,24,42,0,0,8,6,0,1021,0.082,781,144,316,237,164,0,174,33099.0,17910.0,33293.0,15888.0,39406.0,0,11200.0,150796.0,81,322,263,0,14,61,14,11,47.12,37.85,10.99,6816,960,314,322,406,157,749,"animal_open,melon_rush,hire_open_5,animal_core,hire_max,land_early,berry_plant_heavy,melon_plant_heavy,wheat_buyer,animal_care_heavy,fert_seller,primary_wool,berry_support,wool_focus",10,8,7,17,6816,866
90500613,152655242,1,Yaroslav,SALAH ELDIN ELNABARAWY,loss,102892.0,105238.0,-2346.0,"(HIRE)|(HIRE)|(HIRE)|(HIRE)|(HIRE)|(BUY_ANIMAL,SHEEP,2)|(BUY_ANIMAL,COW,2)|(BUY_SEED,WHEAT,7)|(BUY_SEED,MELON,12)",5,4,12,7,271,9.5,14,14,2,7,3,7,11,,90,0,0,42,24,92,24,42,0,0,8,6,0,1072,0.077,820,656,1405,798,523,0,168,34847.0,119726.0,188037.0,62199.0,125862.0,0,10855.0,541526.0,86,322,265,0,14,61,14,11,47.34,38.03,10.48,6774,956,314,322,406,156,710,"animal_open,melon_rush,hire_open_5,animal_core,hire_max,land_early,berry_plant_heavy,melon_plant_heavy,wheat_buyer,animal_care_heavy,fert_seller,primary_berry,berry_engine,wool_support,melon_support",10,8,6,17,6774,1043
90503598,464721713,0,Seb (allegedly),Scorpi,win,148637.0,135164.0,13473.0,"(HIRE)|(HIRE)|(HIRE)|(HIRE)|(HIRE)|(HIRE)|(HIRE)|(BUY_SEED,MELON,3)|(BUY_SEED,WHEAT,12)|(BUY_ANIMAL,COW,2)",7,2,3,12,305,12,12,12,3,4,4,4,6,10,21,0,0,45,23,21,23,45,0,0,9,10,0,393,0.051,70,132,300,235,209,0,279,2681.0,22593.0,45354.0,53527.0,49100.0,0,15256.0,188511.0,78,374,357,0,19,63,19,44,50.78,30.51,13.77,7647,669,386,374,342,89,1053,"animal_open,melon_lite,hire_open_7,animal_max,hire_ultra,land_early,berry_plant_heavy,melon_plant_heavy,wheat_buyer,animal_care_ultra,fert_seller_heavy,primary_dairy,berry_support,dairy_focus,wool_focus",10,8,6,15,7647,854
90503598,464721713,1,Scorpi,Seb (allegedly),loss,135164.0,148637.0,-13473.0,"(HIRE)|(HIRE)|(HIRE)|(HIRE)|(HIRE)|(BUY_ANIMAL,SHEEP,2)|(BUY_ANIMAL,COW,2)|(BUY_SEED,WHEAT,7)|(BUY_SEED,MELON,12)",5,4,12,7,277,10.0,14,14,2,7,3,7,11,,92,0,0,42,24,92,24,42,0,0,8,6,0,1021,0.083,776,216,308,340,258,0,176,33779.0,28836.0,31549.0,77343.0,60542.0,0,9103.0,241152.0,77,332,301,0,14,61,14,11,44.72,37.13,14.32,6901,931,314,332,373,158,988,"animal_open,melon_rush,hire_open_5,animal_core,hire_max,land_early,berry_plant_heavy,melon_plant_heavy,wheat_buyer,animal_care_heavy,fert_seller,primary_dairy,dairy_focus,wool_focus",10,8,7,17,6901,922
90505160,1431975321,0,MD Concepcion,Mohit Rao,loss,134380.0,134527.0,-147.0,"(HIRE)|(HIRE)|(HIRE)|(HIRE)|(HIRE)|(BUY_ANIMAL,SHEEP,2)|(BUY_ANIMAL,COW,2)|(BUY_SEED,WHEAT,7)|(BUY_SEED,MELON,12)",5,4,12,7,277,10.0,14,14,2,7,3,7,11,,92,0,0,42,24,92,24,42,0,0,8,6,0,1021,0.083,776,282,520,484,382,0,170,32876.0,42054.0,58539.0,103930.0,88015.0,0,10870.0,336284.0,77,322,248,0,14,61,14,11,44.72,36.08,15.36,6901,922,314,322,373,158,1060,"animal_open,melon_rush,hire_open_5,animal_core,hire_max,land_early,berry_plant_heavy,melon_plant_heavy,wheat_buyer,animal_care_heavy,fert_seller,primary_dairy,dairy_focus,wool_focus",10,8,7,17,6901,997
90505160,1431975321,1,Mohit Rao,MD Concepcion,win,134527.0,134380.0,147.0,"(HIRE)|(HIRE)|(HIRE)|(HIRE)|(HIRE)|(BUY_ANIMAL,SHEEP,2)|(BUY_ANIMAL,COW,2)|(BUY_SEED,WHEAT,7)|(BUY_SEED,MELON,12)",5,4,12,7,277,10.0,14,14,2,7,3,7,11,,92,0,0,42,24,92,24,42,0,0,8,6,0,618,0.13,374,216,308,342,240,0,171,16602.0,27942.0,32177.0,72389.0,55003.0,0,10908.0,215021.0,77,322,248,0,14,61,14,11,44.72,36.01,15.4,6901,922,314,322,373,158,1063,"animal_open,melon_rush,hire_open_5,animal_core,hire_max,land_early,berry_plant_heavy,melon_plant_heavy,wheat_buyer,animal_care_heavy,fert_seller,primary_dairy,dairy_focus,wool_focus",10,8,7,17,6901,723
